controller,mean_inference_time_ms
PID,82.1731700803213
LQR,84.3533461847389
Hinf,82.1986429718875
MPC,81.2189506024096
SMC,81.151834939759
